"DESCRIPTION","DURATION IN MS","NAME","PARENT SUITE","START TIME","STATUS","STOP TIME","SUB SUITE","SUITE","TEST CLASS","TEST METHOD"
"","4060","HEADER_02 : should highlight the active Home navigation link","chromium","2026-09-30","passed","2026-09-30","Header scenarios","header.spec.ts","",""
"","8542","EVENTS_06 : should display the 'no events found' state when a search yields no matches","chromium","2026-09-30","passed","2026-09-30","Events scenarios","events.spec.ts","",""
"","4398","FOOTER_03 : should navigate to EventHub internal pages","chromium","2026-09-30","passed","2026-09-30","Footer scenarios","footer.spec.ts","",""
"","3982","LOGIN_01 : User can login successfully with valid credentials","chromium","2026-09-30","passed","2026-09-30","login scenarios","login.spec.ts","",""
"","4317","FOOTER_04 : should open QA Job Hiring Platform link","chromium","2026-09-30","passed","2026-09-30","Footer scenarios","footer.spec.ts","",""
"","5722","MANAGE_EVENTS_03 : should display error for required fields","chromium","2026-09-30","passed","2026-09-30","Manage Bookings scenarios","admin-events.spec.ts","",""
"","6814","EVENTS_08 : should reset active filters and restore the full event list when clear filter is clicked","chromium","2026-09-30","passed","2026-09-30","Events scenarios","events.spec.ts","",""
"","9263","EVENTS_04 : should filter event list dynamically by name or location keyword","chromium","2026-09-30","passed","2026-09-30","Events scenarios","events.spec.ts","",""
"","5986","MANAGE_EVENTS_06 : should display newly created Workshop event in table","chromium","2026-09-30","passed","2026-09-30","Manage Bookings scenarios","admin-events.spec.ts","",""
"","5674","MANAGE_EVENTS_02 : should display form with all required elements","chromium","2026-09-30","passed","2026-09-30","Manage Bookings scenarios","admin-events.spec.ts","",""
"","7095","HEADER_04 : should open API Docs in a new tab with secure attributes","chromium","2026-09-30","passed","2026-09-30","Header scenarios","header.spec.ts","",""
"","7029","EVENTS_05 : should filter events accurately using combined category and city filters","chromium","2026-09-30","passed","2026-09-30","Events scenarios","events.spec.ts","",""
"","2969","REGISTER_06 : User can navigate from register to login page","chromium","2026-09-30","passed","2026-09-30","register scenarios","register.spec.ts","",""
"","3492","LOGIN_02 : Login fails with invalid password","chromium","2026-09-30","passed","2026-09-30","login scenarios","login.spec.ts","",""
"","6150","MANAGE_BOOKINGS_01 : should display my bookings","chromium","2026-09-30","passed","2026-09-30","Manage Bookings scenarios","admin-bookings.spec.ts","",""
"","5839","EVENTS_03 : should navigate to the add event page when clicking the add event button","chromium","2026-09-30","passed","2026-09-30","Events scenarios","events.spec.ts","",""
"","4252","FEATURED_EVENTS_02 : should render featured events section with top 3 events","chromium","2026-09-30","failed","2026-09-30","Featured Events scenarios","dashboard.spec.ts","",""
"","5195","REGISTER_07 : user can navigate to API documentation","chromium","2026-09-30","passed","2026-09-30","register scenarios","register.spec.ts","",""
"","6218","FOOTER_02 : should open Popular Course links in a new tab","chromium","2026-09-30","passed","2026-09-30","Footer scenarios","footer.spec.ts","",""
"","2055","LOGIN_05 : Marketing section renders correctly on login page","chromium","2026-09-30","passed","2026-09-30","login scenarios","login.spec.ts","",""
"","4999","MY_BOOKINGS_01 : should display my bookings","chromium","2026-09-30","passed","2026-09-30","My Bookings scenarios","my-bookings.spec.ts","",""
"","4439","HEADER_01 : should render EventHub brand logo and redirect to home","chromium","2026-09-30","passed","2026-09-30","Header scenarios","header.spec.ts","",""
"","5810","LOGIN_07 : user can navigate to API documentation","chromium","2026-09-30","passed","2026-09-30","login scenarios","login.spec.ts","",""
"","6101","MANAGE_EVENTS_04 : should successfully create a Workshop event","chromium","2026-09-30","passed","2026-09-30","Manage Bookings scenarios","admin-events.spec.ts","",""
"","5149","EVENTS_01 : should display upcoming events and filter successfully","chromium","2026-09-30","failed","2026-09-30","Events scenarios","events.spec.ts","",""
"","2051","REGISTER_05 : Marketing section renders correctly on register page","chromium","2026-09-30","passed","2026-09-30","register scenarios","register.spec.ts","",""
"","5893","MANAGE_EVENTS_05 : should display all events in tabular format","chromium","2026-09-30","passed","2026-09-30","Manage Bookings scenarios","admin-events.spec.ts","",""
"","2113","REGISTER_03 : Registration validates password mismatch rules","chromium","2026-09-30","passed","2026-09-30","register scenarios","register.spec.ts","",""
"","3929","FOOTER_01 : should verify academy title and copyright text","chromium","2026-09-30","passed","2026-09-30","Footer scenarios","footer.spec.ts","",""
"","5226","EVENTS_07 : should display the clear filter option when active filters are applied","chromium","2026-09-30","passed","2026-09-30","Events scenarios","events.spec.ts","",""
"","4067","HEADER_07 : should trigger logout when the logout button is clicked","chromium","2026-09-30","passed","2026-09-30","Header scenarios","header.spec.ts","",""
"","2926","LOGIN_06 : User can navigate from login to register page","chromium","2026-09-30","passed","2026-09-30","login scenarios","login.spec.ts","",""
"","2138","LOGIN_04 : Login enforces empty field validation","chromium","2026-09-30","passed","2026-09-30","login scenarios","login.spec.ts","",""
"","5316","MANAGE_EVENTS_01 : should display add new event form","chromium","2026-09-30","passed","2026-09-30","Manage Bookings scenarios","admin-events.spec.ts","",""
"","4208","FEATURED_EVENTS_05 : should render ready to explore section with explore button","chromium","2026-09-30","passed","2026-09-30","Featured Events scenarios","dashboard.spec.ts","",""
"","4410","HEADER_03 : should navigate correctly when clicking Events and My Bookings links","chromium","2026-09-30","passed","2026-09-30","Header scenarios","header.spec.ts","",""
"","5241","MANAGE_BOOKINGS_02 : should display ""no bookings found"" for no events booked","chromium","2026-09-30","passed","2026-09-30","Manage Bookings scenarios","admin-bookings.spec.ts","",""
"","3518","LOGIN_03 : Login fails with unregistered email","chromium","2026-09-30","passed","2026-09-30","login scenarios","login.spec.ts","",""
"","4491","FEATURED_EVENTS_03 : should navigate correctly when clicking on view all link","chromium","2026-09-30","passed","2026-09-30","Featured Events scenarios","dashboard.spec.ts","",""
"","8389","MANAGE_EVENTS_07 : should able to delete newly created Workshop event in table","chromium","2026-09-30","passed","2026-09-30","Manage Bookings scenarios","admin-events.spec.ts","",""
"","5490","MY_BOOKINGS_03 : should navigate to events page when clicking the browse events button","chromium","2026-09-30","passed","2026-09-30","My Bookings scenarios","my-bookings.spec.ts","",""
"","4061","HEADER_05 : should display the logged-in user email correctly","chromium","2026-09-30","passed","2026-09-30","Header scenarios","header.spec.ts","",""
"","5007","HEADER_06 : should render the admin dropdown menu option","chromium","2026-09-30","passed","2026-09-30","Header scenarios","header.spec.ts","",""
"","5191","MY_BOOKINGS_02 : should display ""no booking yet"" for no events booked","chromium","2026-09-30","passed","2026-09-30","My Bookings scenarios","my-bookings.spec.ts","",""
"","6629","MANAGE_EVENTS_07 : should able to edit newly created Workshop event in table","chromium","2026-09-30","passed","2026-09-30","Manage Bookings scenarios","admin-events.spec.ts","",""
"","4893","FEATURED_EVENTS_01 : should render hero section with quick action button","chromium","2026-09-30","passed","2026-09-30","Featured Events scenarios","dashboard.spec.ts","",""
"","4052","FEATURED_EVENTS_04 : should render events cards correctly","chromium","2026-09-30","passed","2026-09-30","Featured Events scenarios","dashboard.spec.ts","",""
"","3460","REGISTER_02 : Registration fails when using an existing email","chromium","2026-09-30","passed","2026-09-30","register scenarios","register.spec.ts","",""
"","7744","FOOTER_05 : should open bottom row promotional links","chromium","2026-09-30","passed","2026-09-30","Footer scenarios","footer.spec.ts","",""
"","0","REGISTER_01 : User can register successfully with valid details","chromium","2026-09-30","skipped","2026-09-30","register scenarios","register.spec.ts","",""
"","2244","REGISTER_04 : Registration requires all mandatory fields","chromium","2026-09-30","passed","2026-09-30","register scenarios","register.spec.ts","",""
"","5051","EVENTS_02 : should display all required elements and details on event cards","chromium","2026-09-30","passed","2026-09-30","Events scenarios","events.spec.ts","",""
